LiveTime,UserName,Status,Report,Sr,FileName,Q1,Q2,Q3,Q4,Q5,Q6,Q7,Q8,Q9,Q10,Q11,Q12,Q13,Q14,Q15,Q16,Q17,Q18,Q19,Q20,Q21,Q22,Q23,Q24,Q25,CharReading,BarCode,ServePath
05-09-2026 04:59:28 PM,Yanshika,True,Image is Scanned Successfully,1,wFileManager/Mumbai_Image\mpsc_0001.jpg,*,*,*,*,*,*,*,*,*,*,*,*,*,*,*,*,*,*,*,*,*,*,*,*,*,2, ganeshh,wFileManager/ScanResult/Inspection/1050/Mumbai_Image/successful/mpsc_0001.jpg
05-09-2026 04:59:37 PM,Yanshika,True,Image is Scanned Successfully,2,wFileManager/Mumbai_Image\mpsc_0002.jpg,*,*,*,*,*,*,*,*,*,*,*,*,*,*,*,*,*,*,*,*,*,*,*,*,*,9211919, ganeshh,wFileManager/ScanResult/Inspection/1050/Mumbai_Image/successful/mpsc_0002.jpg
05-09-2026 04:59:46 PM,Yanshika,True,Image is Scanned Successfully,3,wFileManager/Mumbai_Image\mpsc_0003.jpg,*,*,*,*,*,*,*,*,*,*,*,*,*,*,*,*,*,*,*,*,*,*,*,*,*,21, ganeshh,wFileManager/ScanResult/Inspection/1050/Mumbai_Image/successful/mpsc_0003.jpg
05-09-2026 04:59:55 PM,Yanshika,True,Image is Scanned Successfully,4,wFileManager/Mumbai_Image\mpsc_0004.jpg,*,*,*,*,*,*,*,*,*,*,*,*,*,*,*,*,*,*,*,*,*,*,*,*,*,35, ganeshh,wFileManager/ScanResult/Inspection/1050/Mumbai_Image/successful/mpsc_0004.jpg
05-09-2026 05:00:05 PM,Yanshika,True,Image is Scanned Successfully,5,wFileManager/Mumbai_Image\mpsc_0005.jpg,*,*,*,*,*,*,*,*,*,*,*,*,*,*,*,*,*,*,*,*,*,*,*,*,*,3731140, ganeshh,wFileManager/ScanResult/Inspection/1050/Mumbai_Image/successful/mpsc_0005.jpg
05-09-2026 05:00:15 PM,Yanshika,True,Image is Scanned Successfully,6,wFileManager/Mumbai_Image\mpsc_0007.jpg,*,*,*,*,*,*,*,*,*,*,*,*,*,*,*,*,*,*,*,*,*,*,*,*,*,3731130, ganeshh,wFileManager/ScanResult/Inspection/1050/Mumbai_Image/successful/mpsc_0007.jpg
05-09-2026 05:00:24 PM,Yanshika,True,Image is Scanned Successfully,7,wFileManager/Mumbai_Image\mpsc_0008.jpg,*,*,*,*,*,*,*,*,*,*,*,*,*,*,*,*,*,*,*,*,*,*,*,*,*,3731136, ganeshh,wFileManager/ScanResult/Inspection/1050/Mumbai_Image/successful/mpsc_0008.jpg
05-09-2026 05:00:33 PM,Yanshika,True,Image is Scanned Successfully,8,wFileManager/Mumbai_Image\mpsc_0009.jpg,*,*,*,*,*,*,*,*,*,*,*,*,*,*,*,*,*,*,*,*,*,*,*,*,*,3731136, ganeshh,wFileManager/ScanResult/Inspection/1050/Mumbai_Image/successful/mpsc_0009.jpg
05-09-2026 05:00:42 PM,Yanshika,True,Image is Scanned Successfully,9,wFileManager/Mumbai_Image\mpsc_0010.jpg,*,*,*,*,*,*,*,*,*,*,*,*,*,*,*,*,*,*,*,*,*,*,*,*,*,35752, ganeshh,wFileManager/ScanResult/Inspection/1050/Mumbai_Image/successful/mpsc_0010.jpg
05-09-2026 05:00:50 PM,Yanshika,True,Image is Scanned Successfully,10,wFileManager/Mumbai_Image\mpsc_0011.jpg,*,*,*,*,*,*,*,*,*,*,*,*,*,*,*,*,*,*,*,*,*,*,*,*,*,3731713, ganeshh,wFileManager/ScanResult/Inspection/1050/Mumbai_Image/successful/mpsc_0011.jpg
05-09-2026 05:26:15 PM,Yanshika,True,Image is Scanned Successfully,1,wFileManager/Mumbai_Image\mpsc\mpsc grey_0001.jpg,*,*,*,*,*,*,*,*,*,*,*,*,*,*,*,*,*,*,*,*,*,*,*,*,*,521, ganeshh,wFileManager/ScanResult/Inspection/1050/mpsc/successful/mpsc grey_0001.jpg
05-09-2026 05:28:27 PM,Yanshika,True,Image is Scanned Successfully,2,wFileManager/Mumbai_Image\mpsc\mpsc grey_0002.jpg,*,*,*,*,*,*,*,*,*,*,*,*,*,*,*,*,*,*,*,*,*,*,*,*,*,55, ganeshh,wFileManager/ScanResult/Inspection/1050/mpsc/successful/mpsc grey_0002.jpg
05-09-2026 05:28:36 PM,Yanshika,True,Image is Scanned Successfully,3,wFileManager/Mumbai_Image\mpsc\mpsc grey_0003.jpg,*,*,*,*,*,*,*,*,*,*,*,*,*,*,*,*,*,*,*,*,*,*,*,*,*,21, ganeshh,wFileManager/ScanResult/Inspection/1050/mpsc/successful/mpsc grey_0003.jpg
05-09-2026 05:28:45 PM,Yanshika,True,Image is Scanned Successfully,4,wFileManager/Mumbai_Image\mpsc\mpsc grey_0004.jpg,*,*,*,*,*,*,*,*,*,*,*,*,*,*,*,*,*,*,*,*,*,*,*,*,*,5, ganeshh,wFileManager/ScanResult/Inspection/1050/mpsc/successful/mpsc grey_0004.jpg
05-09-2026 06:00:10 PM,Yanshika,True,Image is Scanned Successfully,5,wFileManager/Mumbai_Image\mpsc\mpsc grey_0005.jpg,*,*,*,*,*,*,*,*,*,*,*,*,*,*,*,*,*,*,*,*,*,*,*,*,*,3731140, ganeshh,wFileManager/ScanResult/Inspection/1050/mpsc/successful/mpsc grey_0005.jpg
05-09-2026 06:00:17 PM,Yanshika,True,Image is Scanned Successfully,6,wFileManager/Mumbai_Image\mpsc\mpsc grey_0006.jpg,*,*,*,*,*,*,*,*,*,*,*,*,*,*,*,*,*,*,*,*,*,*,*,*,*,3731124, ganeshh,wFileManager/ScanResult/Inspection/1050/mpsc/successful/mpsc grey_0006.jpg
05-09-2026 06:00:26 PM,Yanshika,True,Image is Scanned Successfully,7,wFileManager/Mumbai_Image\mpsc\mpsc grey_0007.jpg,*,*,*,*,*,*,*,*,*,*,*,*,*,*,*,*,*,*,*,*,*,*,*,*,*,2253, ganeshh,wFileManager/ScanResult/Inspection/1050/mpsc/successful/mpsc grey_0007.jpg
05-09-2026 06:00:34 PM,Yanshika,True,Image is Scanned Successfully,8,wFileManager/Mumbai_Image\mpsc\mpsc grey_0008.jpg,*,*,*,*,*,*,*,*,*,*,*,*,*,*,*,*,*,*,*,*,*,*,*,*,*,3731136, ganeshh,wFileManager/ScanResult/Inspection/1050/mpsc/successful/mpsc grey_0008.jpg
05-09-2026 06:00:41 PM,Yanshika,True,Image is Scanned Successfully,9,wFileManager/Mumbai_Image\mpsc\mpsc grey_0009.jpg,*,*,*,*,*,*,*,*,*,*,*,*,*,*,*,*,*,*,*,*,*,*,*,*,*,3, ganeshh,wFileManager/ScanResult/Inspection/1050/mpsc/successful/mpsc grey_0009.jpg
